taxi_id,most_used_call_type,trips,share_of_taxi_trips_pct
20000001,B,1311,47.5862
20000002,B,1576,40.7340
20000003,C,844,44.4679
20000004,B,2680,54.3060
20000005,B,3034,49.7948
20000006,B,1702,50.6096
20000007,B,2770,49.6327
20000008,B,2665,54.9711
20000009,B,2099,43.9581
20000010,B,2842,47.5728
20000011,B,2622,43.9712
20000012,B,2257,40.6960
20000013,B,2581,51.5581
20000014,B,2523,60.8685
20000015,B,2819,56.8003
20000017,B,1129,41.3250
20000018,B,958,54.5248
20000020,B,2304,54.2373
20000021,B,1901,57.3800
20000022,B,1990,49.5765
20000023,B,1346,51.9691
20000024,B,765,36.2044
20000026,B,1395,55.0948
20000027,B,1375,66.9752
20000030,B,2247,66.5581
20000031,B,2839,49.0159
20000032,B,1438,44.4376
20000036,C,1637,45.0220
20000037,C,1673,69.1322
20000038,C,1758,42.8780
20000039,B,2178,56.4541
20000040,B,1761,79.3601
20000041,B,2279,58.3910
20000042,B,2591,40.0649
20000044,B,1683,53.8905
20000045,B,1347,47.1309
20000046,B,1464,46.7732
20000047,B,1669,70.8404
20000048,B,1470,62.4734
20000049,B,1335,60.9033
20000050,B,1173,46.7517
20000051,B,2320,56.2834
20000053,B,1767,56.8167
20000054,B,2127,49.9296
20000055,B,1249,53.1263
20000057,B,2445,43.5053
20000058,B,2478,52.8922
20000060,B,2010,39.1889
20000065,B,915,50.5804
20000066,C,5064,59.9787
20000067,B,2803,53.7385
20000068,B,1491,49.9497
20000071,B,885,64.9780
20000072,B,591,48.4824
20000073,B,1260,49.6258
20000074,B,1649,42.6429
20000075,B,1887,48.6842
20000076,C,1588,58.0409
20000077,C,2370,48.7153
20000079,B,60,58.8235
20000080,C,8362,77.9238
20000081,B,2455,49.4561
20000083,B,1520,49.6408
20000084,B,1435,53.8866
20000085,B,1741,55.5875
20000086,B,1911,61.5261
20000089,B,3207,44.1371
20000092,B,2121,53.1313
20000093,B,1260,81.7651
20000094,B,1197,52.0435
20000095,B,860,41.4059
20000098,B,933,54.2127
20000099,B,1674,51.7146
20000100,B,1612,49.8146
20000101,B,2389,42.9367
20000104,C,1136,41.9653
20000105,B,1910,36.3256
20000107,B,1944,63.9263
20000108,C,3303,60.0327
20000109,B,2128,70.3704
20000111,B,1847,64.5127
20000112,C,2107,49.7286
20000113,B,1814,50.1659
20000114,B,2361,61.4204
20000116,B,2130,47.4811
20000118,B,1594,47.1598
20000119,B,1587,47.3307
20000120,B,3141,55.8102
20000121,C,676,49.0922
20000123,B,1914,52.8875
20000126,B,1797,58.9567
20000128,B,1436,53.2839
20000129,B,3495,45.9385
20000131,B,1666,57.8472
20000136,C,2809,49.5677
20000137,B,2148,55.6765
20000138,B,1773,53.0838
20000140,B,3844,60.8902
20000142,B,1943,44.0990
20000144,B,1705,69.9344
20000146,B,1918,57.5976
20000148,B,1662,50.9660
20000151,B,2141,59.1110
20000152,B,1016,44.9558
20000153,B,2370,48.1512
20000154,B,3005,52.6546
20000156,B,1838,59.8113
20000157,A,1909,42.8796
20000158,B,1837,54.6238
20000159,C,1146,45.7668
20000160,B,2400,58.6224
20000161,B,1966,50.0382
20000163,C,2186,62.7620
20000166,B,1967,41.8422
20000167,A,2123,36.5719
20000170,B,6,60.0000
20000171,B,2942,46.9668
20000172,A,806,41.6322
20000173,B,2398,42.1219
20000174,B,2072,65.4247
20000177,B,2066,78.7048
20000178,B,1651,51.0198
20000179,B,2597,40.3888
20000180,B,1432,67.6429
20000184,B,2555,58.2270
20000185,B,434,64.2012
20000186,B,1370,39.2213
20000187,B,2281,53.1578
20000188,B,2217,52.2261
20000189,B,1266,40.9047
20000190,B,1422,59.7228
20000192,B,1902,51.4889
20000195,B,3262,54.2672
20000196,C,1810,37.2275
20000197,B,2411,53.0007
20000198,B,1552,50.1778
20000199,B,3293,53.1729
20000201,B,1924,51.6233
20000205,C,872,64.8810
20000206,B,1678,56.7083
20000207,C,1829,44.3609
20000213,B,1463,61.7039
20000215,B,1935,47.3105
20000216,B,2393,42.7169
20000217,B,1219,54.1778
20000222,B,1874,73.4038
20000224,B,2243,53.5450
20000225,C,527,36.5718
20000226,B,1504,54.8505
20000229,B,2010,53.4432
20000230,B,1634,61.2903
20000231,B,1296,42.4084
20000233,B,3304,52.3364
20000235,B,3213,50.1248
20000239,B,2425,40.2356
20000242,B,2463,48.3700
20000243,B,1820,51.7634
20000245,B,2356,46.8203
20000246,B,1325,64.1646
20000247,B,1391,41.5224
20000248,B,275,72.3684
20000249,B,2423,39.7083
20000250,B,1795,57.8100
20000251,B,1938,54.5608
20000252,B,1904,39.0244
20000254,B,2638,55.8780
20000255,B,2058,53.2058
20000256,B,2041,42.6809
20000257,B,1199,58.8322
20000258,A,1223,42.2598
20000260,B,1856,41.5027
20000261,B,1697,52.4575
20000263,B,3061,47.7983
20000264,C,2,100.0000
20000267,B,1954,53.9034
20000268,B,2828,61.2121
20000269,B,2465,43.5820
20000271,B,2207,53.7114
20000272,B,1566,50.2729
20000273,B,3428,58.3887
20000276,C,3428,58.0230
20000279,A,1326,47.6978
20000280,B,1727,41.5944
20000281,B,1735,67.1440
20000285,B,3550,65.7651
20000286,C,1337,47.0443
20000288,B,1886,49.3588
20000289,B,887,51.9625
20000294,B,1293,65.6345
20000295,B,1217,40.6480
20000296,B,1367,54.8996
20000297,C,2626,57.3864
20000303,B,2640,58.8498
20000304,C,3995,61.4143
20000305,B,2967,55.6347
20000307,C,3325,44.3511
20000308,B,2828,54.9446
20000309,B,1730,43.8864
20000310,C,2699,57.8192
20000311,B,2268,50.2326
20000312,C,406,69.4017
20000314,B,1520,49.2866
20000315,B,878,65.3274
20000319,B,1563,60.0230
20000320,C,2777,45.1839
20000321,B,2117,53.0843
20000324,B,3027,56.3687
20000325,B,3645,56.4241
20000326,B,1805,59.5120
20000327,B,2204,78.1560
20000328,B,3456,58.2406
20000329,B,1207,41.4207
20000330,B,1372,62.0814
20000331,B,2393,68.2350
20000332,B,2187,58.5229
20000333,B,2319,46.1309
20000334,B,2197,63.3506
20000337,C,2427,42.3634
20000338,B,2108,44.7844
20000340,B,1152,58.5366
20000341,B,2337,45.7428
20000342,B,1313,46.2813
20000343,B,2488,61.0103
20000344,B,1900,44.8008
20000344,C,1900,44.8008
20000345,B,3435,64.0380
20000346,A,1170,43.4783
20000347,B,1232,43.7811
20000349,B,1751,50.6069
20000351,C,3285,59.9453
20000352,B,1540,55.3360
20000353,A,1214,38.3086
20000356,C,2076,45.2386
20000359,B,3318,56.2564
20000360,B,2898,50.9763
20000361,B,2193,46.9191
20000362,B,1481,50.2716
20000363,C,2118,53.1894
20000364,C,4563,58.3429
20000367,B,2988,48.0618
20000370,B,2432,52.4138
20000372,C,2856,43.7031
20000373,B,987,51.0870
20000376,C,2001,43.2275
20000377,B,1293,52.2213
20000380,B,1533,43.3418
20000381,B,1763,42.5948
20000383,B,1556,51.9359
20000384,B,1676,47.6814
20000386,B,2179,63.2144
20000387,B,1693,42.4098
20000388,B,1651,44.4534
20000389,B,1583,38.1630
20000391,B,2299,52.5366
20000392,B,2533,61.6752
20000393,B,1440,51.4286
20000395,C,3021,54.7382
20000397,B,1102,65.0531
20000398,B,2123,39.5124
20000400,B,1527,44.4283
20000403,C,4758,51.5102
20000406,B,2580,45.2473
20000407,B,824,56.4770
20000408,B,1088,41.5426
20000409,B,2178,48.4108
20000410,B,1346,46.5744
20000419,B,1958,52.1577
20000421,B,2166,57.4383
20000423,B,2700,52.4577
20000424,B,2721,37.9181
20000426,B,2051,69.5254
20000429,B,2802,66.0382
20000430,B,2175,49.3981
20000431,B,2565,53.2379
20000432,C,1195,44.9586
20000434,B,2550,57.6271
20000435,B,2977,50.5605
20000436,C,2304,41.4314
20000440,B,2146,57.6572
20000443,B,757,48.3706
20000446,B,2955,55.7547
20000448,B,1326,64.5570
20000449,B,526,53.6188
20000450,B,2982,47.4539
20000451,B,2124,53.5417
20000452,B,1643,61.3289
20000453,B,1796,44.6433
20000454,B,2188,46.4346
20000455,C,2333,47.8564
20000456,C,1210,56.7809
20000458,B,1100,46.8484
20000460,B,1862,60.0258
20000463,C,2133,41.5304
20000464,B,1076,49.0652
20000465,B,1508,35.6164
20000467,C,2674,72.7619
20000468,B,1458,62.1219
20000470,B,1731,53.1145
20000472,B,2929,48.8167
20000473,B,2257,44.8797
20000476,B,2617,43.2633
20000477,C,1285,57.1111
20000480,B,1593,34.8654
20000481,B,2124,52.6786
20000482,B,2458,54.2365
20000483,C,3461,44.7794
20000484,B,1210,47.1735
20000486,B,2260,39.6839
20000487,B,1040,57.7137
20000488,A,1673,36.0327
20000492,B,3628,50.5927
20000494,C,1509,48.0420
20000495,B,1457,60.8097
20000496,C,1510,52.6867
20000497,B,2161,51.7357
20000499,B,1268,51.5447
20000500,B,2129,79.7080
20000502,B,1287,37.6206
20000503,B,2823,46.6457
20000504,B,1624,66.7214
20000506,B,2381,59.3766
20000507,B,1239,47.8563
20000508,B,1537,45.4599
20000509,C,1673,51.0840
20000510,C,387,56.8282
20000513,B,1934,49.6152
20000514,B,3428,62.8760
20000515,B,2229,63.9782
20000516,B,1609,57.5671
20000517,B,3088,56.4844
20000518,B,2725,58.2265
20000520,C,2490,50.2016
20000521,B,1408,71.4358
20000523,B,1281,52.1580
20000524,B,2219,51.5447
20000525,B,2295,45.1505
20000527,B,1422,46.4858
20000529,C,3948,56.9122
20000534,C,1490,70.2168
20000535,B,822,63.7209
20000539,B,1132,54.8184
20000540,C,2522,45.2214
20000541,B,2287,55.8213
20000542,B,3487,59.7703
20000543,C,834,38.4864
20000545,B,728,57.9157
20000546,B,1835,52.2048
20000547,B,1345,59.4607
20000548,C,1659,43.7846
20000549,B,2042,53.7793
20000554,B,2298,57.5796
20000557,B,1796,62.8411
20000560,B,2767,48.1050
20000561,B,2629,47.9832
20000562,B,1919,60.4600
20000565,B,1639,42.8833
20000569,C,2378,59.5244
20000570,B,1615,41.5916
20000571,B,2192,52.2029
20000572,B,1980,58.4243
20000574,C,3419,57.6657
20000576,B,2197,62.0621
20000577,B,2402,45.5097
20000578,B,1759,56.4687
20000579,B,416,54.3081
20000585,B,156,52.3490
20000586,B,798,52.8827
20000588,B,2032,47.8118
20000589,B,2942,62.0152
20000591,B,2186,44.3588
20000594,B,2086,58.1220
20000595,B,1969,43.4946
20000596,B,1903,47.8381
20000597,B,1543,47.4040
20000598,C,1697,38.3243
20000600,B,2673,48.5470
20000601,C,3120,57.4163
20000602,A,1090,37.2395
20000603,B,1258,48.5714
20000604,B,1720,60.9713
20000605,B,1675,50.0598
20000606,B,1393,59.9398
20000607,C,2032,57.8094
20000608,B,1503,54.2012
20000609,B,257,43.7819
20000610,C,1636,50.7602
20000611,B,2910,55.1136
20000612,B,2975,58.4479
20000615,B,989,57.0358
20000616,C,3749,54.1450
20000617,B,2943,53.5480
20000618,B,2821,49.1720
20000619,B,1547,49.8068
20000620,C,983,41.1125
20000621,B,3390,46.5915
20000623,B,1598,58.5562
20000624,B,3658,62.5834
20000625,B,2956,50.3663
20000626,B,3237,54.5041
20000632,B,2980,51.5393
20000633,B,3251,60.9715
20000634,B,559,34.7637
20000640,B,3065,51.9580
20000648,B,3249,52.4879
20000649,B,2422,43.9325
20000651,C,1546,43.0161
20000653,B,2922,48.1384
20000657,C,1652,36.2122
20000658,C,2363,47.0342
20000662,B,2964,57.8341
20000663,B,2430,46.3298
20000664,C,1804,40.5667
20000665,C,3485,68.0000
20000667,B,2316,60.1558
20000668,C,1799,56.6079
20000669,B,1625,65.5506
20000670,C,1387,72.1644
20000671,B,2816,50.7387
20000672,B,2101,45.0568
20000674,B,2130,60.6492
20000675,C,2603,45.9002
20000676,B,1481,52.4248
20000678,B,3181,48.6540
20000680,B,2919,58.1127
20000681,B,1361,54.9455
20000682,B,1670,65.8777
20000684,C,2361,50.9165
20000685,B,1118,47.6759
20000686,B,3878,62.3974
20000687,B,1948,47.4543
20000688,C,2512,43.4903
20000692,C,639,37.6104
20000693,C,1008,56.7887
20000695,B,844,47.7646
20000697,B,1940,63.7529
20000698,B,1452,56.2137
20000900,B,2033,60.9047
20000901,C,1695,37.2527
20000902,B,422,39.5131
20000903,B,1070,44.3248
20000904,C,3026,60.0754
20000911,C,2,100.0000
20000931,A,1,100.0000
20000940,A,1,100.0000
20000941,A,9,56.2500
20000969,C,61,100.0000
20000970,C,1,100.0000
20000980,C,5,100.0000
20000981,C,19,100.0000
