taxi_id,n_gaps,avg_idle_all_h,n_gaps_le_8h,avg_idle_8h_min,n_overlaps
20000941,3,1746.61,2,2.0,0
20000969,24,282.07,12,37.7,0
20000312,581,13.12,474,58.3,0
20000510,634,12.96,439,64.8,0
20000609,556,11.96,422,57.3,1
20000579,743,11.43,588,58.6,0
20000079,97,9.70,80,71.9,0
20000072,915,9.34,650,101.1,0
20000185,667,9.02,604,57.2,1
20000449,961,8.86,754,68.1,1
20000902,1040,7.55,802,93.0,6
20000170,6,6.73,4,66.4,0
20000535,1275,6.64,1040,95.4,0
20000315,1305,6.47,1055,103.1,3
20000225,1346,6.29,1197,68.2,1
20000071,1354,6.25,1094,87.3,0
20000545,1243,5.92,1052,72.4,0
20000407,1440,5.64,1300,62.0,0
20000205,1319,5.57,1080,47.7,0
20000443,1551,5.42,1249,62.7,0
20000634,1557,5.37,1204,85.4,2
20000248,373,5.17,318,57.0,0
20000692,1662,5.07,1450,82.6,0
20000018,1686,5.00,1447,77.4,16
20000098,1709,4.88,1484,62.8,0
20000615,1725,4.87,1443,71.9,0
20000289,1705,4.86,1419,64.2,0
20000693,1740,4.75,1406,81.5,0
20000695,1753,4.75,1523,62.2,0
20000397,1556,4.72,1388,57.8,0
20000065,1786,4.70,1493,87.4,2
20000487,1781,4.68,1526,66.7,1
20000121,1366,4.49,1243,56.2,0
20000003,1867,4.45,1673,37.6,0
20000373,1877,4.40,1528,85.2,1
20000294,1894,4.38,1652,64.7,0
20000586,1426,4.31,1286,56.7,0
20000521,1961,4.29,1708,67.2,2
20000172,1901,4.25,1560,75.1,2
20000340,1956,4.17,1662,61.2,1
20000026,2024,4.11,1681,80.5,1
20000257,2014,4.10,1763,63.8,0
20000246,2031,4.08,1762,75.0,0
20000448,2021,4.08,1691,92.6,0
20000093,1529,4.06,1340,73.2,0
20000027,2027,4.02,1724,69.5,0
20000095,2024,4.02,1744,65.0,2
20000180,2073,4.01,1772,65.7,4
20000539,2041,4.00,1662,101.0,0
20000024,2076,3.98,1861,66.1,0
20000456,2113,3.94,1955,45.8,0
20000464,2113,3.91,1812,73.2,0
20000534,2069,3.90,1719,46.3,0
20000606,2128,3.90,1812,72.2,0
20000543,2137,3.85,1877,70.6,1
20000049,2174,3.81,1892,71.6,1
20000040,2180,3.80,1889,72.7,0
20000685,2211,3.77,1883,72.5,1
20000330,2201,3.76,1916,53.1,1
20000547,2233,3.73,1969,65.8,1
20000152,2253,3.71,1930,60.4,0
20000477,2241,3.69,1893,59.9,0
20000217,2237,3.68,1960,55.9,0
20000458,2270,3.65,1948,72.9,0
20000094,2293,3.61,1983,69.6,1
20000047,2317,3.60,2020,63.9,1
20000055,2316,3.60,2025,57.0,1
20000286,2319,3.57,2033,50.1,3
20000468,2330,3.56,2014,66.7,0
20000319,2340,3.55,2102,63.4,1
20000903,2330,3.54,2052,94.7,1
20000048,2329,3.53,2016,69.8,0
20000495,2346,3.52,2065,70.5,1
20000190,2353,3.51,2237,76.3,2
20000159,2373,3.43,2060,65.1,0
20000499,2411,3.43,2146,52.9,2
20000504,2403,3.43,2115,86.9,2
20000523,2412,3.41,2072,64.0,0
20000037,2282,3.40,2220,55.7,0
20000144,2418,3.40,2127,57.7,2
20000484,2449,3.38,2184,54.4,10
20000377,2454,3.37,2167,63.1,1
20000681,2429,3.35,2114,76.1,1
20000669,2467,3.34,2196,63.6,0
20000296,2459,3.33,2136,71.1,0
20000073,2492,3.32,2105,83.2,1
20000432,2490,3.31,2174,56.7,10
20000050,2489,3.28,2240,58.9,1
20000281,2497,3.28,2182,69.2,0
20000682,2499,3.28,2193,72.1,5
20000023,2520,3.25,2302,65.8,0
20000222,2533,3.25,2186,77.8,0
20000603,2536,3.25,2323,90.6,0
20000620,2242,3.25,2066,65.2,1
20000408,2561,3.21,2204,81.3,1
20000507,2496,3.21,2145,71.0,2
20000295,2591,3.20,2209,69.0,0
20000213,2365,3.14,2041,73.2,1
20000177,2616,3.13,2304,66.9,1
20000230,2633,3.12,2342,65.5,0
20000496,2593,3.09,2335,71.7,0
20000084,2654,3.08,2355,53.9,0
20000104,2653,3.08,2319,64.1,8
20000346,2660,3.08,2383,64.2,0
20000452,2664,3.07,2305,71.4,0
20000017,2705,3.05,2361,68.7,0
20000623,2682,3.05,2342,65.7,1
20000076,2709,3.04,2516,45.5,0
20000676,2734,3.03,2386,67.9,2
20000128,2685,3.02,2433,54.9,0
20000500,2632,3.02,2303,78.1,0
20000557,2727,3.02,2400,69.4,3
20000099,2723,3.01,2371,66.7,2
20000111,2763,2.96,2421,74.2,0
20000279,2758,2.95,2415,68.4,0
20000347,2764,2.95,2484,81.1,3
20000352,2764,2.95,2470,57.0,2
20000604,2779,2.95,2462,70.1,0
20000001,2734,2.94,2449,57.4,0
20000327,2781,2.94,2442,82.2,0
20000516,2737,2.93,2409,48.6,0
20000329,2782,2.92,2470,61.9,3
20000342,2814,2.92,2515,58.6,0
20000608,2760,2.92,2451,48.0,0
20000045,2825,2.91,2501,76.6,1
20000393,2738,2.89,2407,70.6,1
20000410,2835,2.88,2511,64.4,5
20000131,2842,2.87,2556,59.3,1
20000231,2949,2.83,2604,81.7,0
20000258,2886,2.83,2586,61.6,0
20000602,2903,2.80,2549,67.6,0
20000068,2937,2.78,2605,62.2,1
20000527,2893,2.78,2599,63.8,1
20000426,2913,2.77,2591,59.2,3
20000086,2943,2.76,2635,66.5,1
20000126,2985,2.76,2648,55.2,3
20000272,2981,2.75,2675,53.8,3
20000107,2988,2.74,2688,63.8,0
20000362,2872,2.74,2641,50.2,1
20000383,2976,2.71,2613,63.3,0
20000109,3009,2.70,2666,67.6,3
20000226,2689,2.69,2403,54.4,1
20000206,2945,2.68,2624,57.2,0
20000585,289,2.68,254,72.9,0
20000326,3026,2.67,2702,70.6,0
20000697,3033,2.67,2680,72.1,1
20000083,3042,2.66,2721,65.5,2
20000198,3077,2.66,2719,69.4,0
20000460,3067,2.66,2723,58.8,0
20000044,3057,2.65,2702,63.9,3
20000156,3050,2.65,2753,58.6,0
20000189,3058,2.65,2737,62.5,2
20000046,3073,2.64,2747,54.5,0
20000053,3078,2.64,2725,61.9,2
20000314,3076,2.64,2750,55.9,2
20000578,3096,2.64,2781,50.2,3
20000148,3111,2.63,2888,67.4,0
20000250,3063,2.62,2777,69.6,1
20000494,3122,2.62,2772,37.3,0
20000619,3093,2.62,2810,60.0,2
20000610,3106,2.61,2815,39.0,0
20000174,3143,2.59,2777,69.3,2
20000353,3156,2.58,2863,55.1,2
20000562,3089,2.58,2785,47.1,0
20000085,3112,2.54,2765,59.8,1
20000470,3201,2.54,2879,57.3,3
20000032,3202,2.53,2907,54.0,1
20000400,3168,2.52,2812,72.4,2
20000261,3214,2.51,2885,48.3,0
20000597,3235,2.49,2948,62.6,0
20000030,3255,2.48,3071,106.4,0
20000509,3268,2.48,2932,64.4,2
20000900,3288,2.48,2971,77.2,0
20000243,3271,2.47,2994,68.3,1
20000668,3156,2.47,2869,82.5,3
20000100,3211,2.46,2899,52.6,1
20000146,3308,2.46,2949,61.4,0
20000021,3293,2.45,2967,57.9,5
20000118,3333,2.45,3005,60.2,2
20000119,3303,2.45,3034,52.4,0
20000158,3316,2.45,2973,68.3,4
20000006,3340,2.44,3210,63.7,1
20000247,3306,2.43,2955,55.4,1
20000572,3340,2.43,3048,49.1,3
20000508,3367,2.42,3042,60.7,1
20000605,3339,2.42,2986,58.1,2
20000138,3316,2.41,3004,52.3,1
20000178,3194,2.41,3055,69.7,0
20000386,3405,2.37,3070,56.5,4
20000334,3426,2.35,3242,75.1,2
20000515,3445,2.35,3081,61.2,0
20000251,3474,2.33,3200,60.7,2
20000331,3485,2.33,3141,59.7,1
20000186,3465,2.32,3122,50.9,0
20000384,3479,2.32,3171,61.8,0
20000546,3478,2.32,3229,62.3,1
20000349,3426,2.31,3076,58.2,0
20000502,3379,2.31,3034,58.0,4
20000380,3517,2.30,3256,54.8,0
20000576,3489,2.29,3233,74.0,3
20000674,3485,2.29,3139,68.2,2
20000267,3532,2.28,3175,61.4,0
20000123,3545,2.27,3226,54.2,0
20000151,3589,2.25,3288,60.7,1
20000113,3590,2.24,3226,53.9,0
20000651,3532,2.24,3339,67.4,0
20000594,3575,2.23,3268,50.2,0
20000192,3615,2.22,3409,77.3,2
20000163,3445,2.21,3129,40.4,3
20000513,3653,2.21,3328,51.7,0
20000201,3684,2.20,3539,84.7,1
20000388,3670,2.19,3415,71.3,1
20000467,3658,2.19,3388,69.6,1
20000549,3678,2.19,3406,64.8,0
20000607,3476,2.18,3154,49.6,12
20000440,3679,2.17,3428,72.3,1
20000548,3703,2.16,3518,60.1,2
20000419,3677,2.15,3355,56.4,1
20000036,3612,2.14,3261,50.4,3
20000229,3733,2.14,3374,48.9,0
20000421,3761,2.13,3428,53.8,0
20000321,3777,2.12,3444,66.0,2
20000565,3809,2.12,3490,59.5,2
20000288,3775,2.11,3525,60.3,2
20000667,3816,2.11,3508,57.2,2
20000038,3860,2.10,3684,69.3,1
20000114,3782,2.10,3516,60.5,0
20000255,3831,2.10,3581,69.5,0
20000002,3749,2.09,3499,68.6,1
20000092,3851,2.09,3587,67.7,1
20000137,3812,2.08,3495,48.7,0
20000453,3845,2.08,3550,65.2,1
20000570,3859,2.08,3530,49.8,0
20000670,1817,2.08,1662,35.3,3
20000039,3827,2.07,3516,56.9,1
20000075,3825,2.07,3471,52.9,3
20000451,3841,2.07,3646,78.7,6
20000554,3850,2.07,3608,61.3,2
20000161,3890,2.04,3684,66.6,0
20000571,3913,2.04,3734,79.9,2
20000074,3841,2.03,3494,54.8,3
20000309,3931,2.03,3738,85.0,1
20000041,3897,2.02,3630,57.9,0
20000215,3947,2.02,3676,60.8,6
20000387,3934,2.02,3744,81.5,2
20000596,3947,2.02,3704,71.6,0
20000022,3973,2.01,3761,67.5,1
20000392,4036,2.00,3852,70.2,0
20000481,4016,1.99,3848,77.0,5
20000506,3952,1.98,3700,73.3,2
20000524,4062,1.98,3747,68.2,1
20000569,3941,1.98,3743,75.2,3
20000687,4007,1.98,3787,79.1,1
20000465,4077,1.97,3870,74.8,2
20000271,4041,1.96,3702,49.4,3
20000343,4026,1.96,3673,49.9,1
20000363,3895,1.96,3608,63.9,4
20000541,4009,1.96,3677,56.0,0
20000381,4069,1.95,3792,57.8,1
20000051,4074,1.94,3788,51.1,4
20000160,4062,1.94,3880,63.3,0
20000280,4106,1.94,3945,78.9,3
20000014,4135,1.93,3972,86.4,0
20000196,4166,1.93,3974,73.3,3
20000497,4140,1.92,3972,88.4,1
20000344,4178,1.90,4032,62.9,0
20000429,4207,1.90,3850,48.7,0
20000112,4184,1.89,3963,51.2,0
20000207,4100,1.89,3749,48.2,12
20000224,4156,1.89,3951,65.8,2
20000901,4177,1.89,3956,67.0,7
20000663,4249,1.88,4041,54.1,5
20000020,4209,1.87,4011,76.2,0
20000389,4139,1.87,3796,49.6,1
20000188,4220,1.86,3905,58.7,7
20000054,4237,1.85,4035,63.5,2
20000588,4153,1.85,3873,46.1,2
20000184,4334,1.84,4104,68.2,0
20000187,4239,1.83,3886,51.2,1
20000260,4351,1.82,4138,60.2,3
20000391,4306,1.82,3947,57.0,1
20000303,4380,1.81,4056,58.8,2
20000430,4384,1.81,4215,71.2,1
20000409,4452,1.79,4294,60.2,3
20000142,4298,1.78,4056,52.1,0
20000480,4415,1.78,4076,56.9,1
20000598,4410,1.78,4182,57.6,0
20000664,4394,1.78,4156,57.3,1
20000434,4357,1.77,4203,80.4,4
20000157,4428,1.75,4192,60.6,2
20000268,4508,1.75,4390,85.3,0
20000482,4506,1.75,4352,80.7,0
20000197,4500,1.74,4318,72.0,0
20000657,4532,1.74,4397,82.2,1
20000311,4433,1.73,4157,68.0,1
20000454,4583,1.73,4423,74.8,3
20000080,4193,1.72,4038,56.4,17
20000116,4420,1.72,4095,52.5,1
20000356,4546,1.72,4404,61.6,1
20000370,4606,1.72,4455,76.1,0
20000684,4577,1.71,4369,61.6,2
20000166,4617,1.70,4295,45.2,0
20000310,4635,1.70,4318,47.5,2
20000376,4559,1.70,4378,58.7,1
20000672,4600,1.70,4515,66.3,2
20000058,4634,1.69,4401,71.8,3
20000254,4691,1.69,4488,68.4,2
20000361,4634,1.69,4396,56.7,1
20000518,4642,1.69,4381,63.1,0
20000595,4495,1.68,4369,72.3,1
20000680,4661,1.68,4426,53.1,9
20000297,4534,1.67,4288,55.4,3
20000455,4518,1.67,4355,53.5,9
20000256,4645,1.66,4420,56.0,17
20000431,4738,1.66,4634,77.3,5
20000488,4631,1.66,4508,70.9,0
20000589,4721,1.66,4650,90.1,1
20000338,4677,1.65,4526,65.1,0
20000463,4851,1.65,4607,59.7,0
20000008,4787,1.64,4654,67.5,2
20000009,4712,1.61,4620,75.1,2
20000077,4835,1.61,4542,51.5,2
20000252,4854,1.61,4709,66.7,3
20000332,3700,1.61,3628,79.5,0
20000591,4833,1.61,4613,61.7,0
20000153,4884,1.60,4677,64.8,3
20000245,4896,1.60,4665,58.1,0
20000242,4960,1.59,4712,59.5,1
20000015,4926,1.58,4856,85.0,1
20000081,4893,1.58,4650,59.0,2
20000004,4884,1.57,4808,83.7,2
20000520,4888,1.57,4569,40.9,1
20000013,4976,1.56,4876,73.0,5
20000333,4949,1.56,4874,83.8,0
20000525,5025,1.56,4904,72.4,1
20000473,4964,1.55,4862,77.2,5
20000665,4979,1.55,4736,56.6,2
20000341,5065,1.54,4973,77.2,4
20000612,5046,1.54,4941,76.3,1
20000060,5082,1.53,4949,72.2,1
20000308,5110,1.53,4976,64.6,2
20000423,5105,1.53,4955,64.3,4
20000658,4974,1.53,4735,55.4,2
20000067,5124,1.51,5036,78.5,2
20000698,2494,1.51,2433,69.4,0
20000105,5204,1.50,5107,73.1,4
20000167,5290,1.50,5216,76.8,4
20000662,5099,1.50,5018,77.7,7
20000577,5230,1.48,5150,71.5,2
20000601,5331,1.48,5115,57.5,2
20000305,5249,1.47,5137,68.3,4
20000514,5347,1.47,5213,66.0,0
20000611,5231,1.47,5098,67.2,4
20000633,5287,1.46,5170,71.8,0
20000108,5308,1.45,5007,39.1,4
20000285,5313,1.45,5121,58.4,4
20000345,5300,1.44,5176,70.0,1
20000057,5394,1.43,5237,61.5,3
20000324,5343,1.43,5226,67.5,2
20000517,5425,1.43,5353,74.6,2
20000649,5454,1.43,5371,70.1,0
20000012,5413,1.42,5251,59.9,3
20000269,5531,1.42,5468,76.6,2
20000398,5348,1.42,5192,61.7,3
20000446,5266,1.42,5192,67.3,9
20000216,5469,1.41,5203,55.2,2
20000561,5445,1.41,5296,63.2,3
20000600,5465,1.41,5235,56.2,3
20000617,5401,1.41,5305,70.9,2
20000273,5501,1.40,5440,75.7,2
20000351,5421,1.40,5312,63.9,2
20000360,5566,1.40,5499,65.5,1
20000540,5357,1.40,5274,71.6,7
20000618,5472,1.40,5338,65.4,0
20000671,5457,1.40,5339,67.4,1
20000007,5537,1.39,5447,74.4,2
20000173,5579,1.39,5478,69.1,0
20000406,5524,1.39,5492,78.1,1
20000101,5504,1.38,5388,69.7,2
20000904,4917,1.38,4780,57.9,7
20000395,5479,1.37,5425,73.9,1
20000632,5627,1.37,5501,66.1,4
20000640,5655,1.37,5608,72.1,1
20000120,5583,1.36,5372,54.1,5
20000154,5692,1.36,5593,67.6,1
20000337,5557,1.36,5453,67.1,1
20000486,5592,1.36,5491,68.5,1
20000560,5689,1.36,5618,73.8,0
20000675,5580,1.36,5399,56.6,1
20000136,5622,1.34,5381,47.1,0
20000436,5481,1.34,5397,65.7,6
20000031,5744,1.33,5655,61.7,1
20000066,5948,1.33,5809,55.0,3
20000542,5691,1.33,5591,68.7,4
20000359,5846,1.32,5785,72.8,1
20000472,5824,1.32,5689,62.2,6
20000503,5857,1.32,5770,69.1,1
20000624,5739,1.32,5602,56.3,2
20000625,5819,1.32,5722,65.8,5
20000688,5709,1.32,5595,61.8,5
20000010,5825,1.31,5771,69.3,1
20000328,5848,1.31,5747,66.1,2
20000476,5971,1.31,5895,68.6,2
20000626,5897,1.30,5815,66.8,0
20000435,5816,1.29,5654,58.8,7
20000195,5948,1.28,5841,63.3,1
20000574,5846,1.28,5704,56.5,2
20000005,6048,1.27,5970,64.6,2
20000011,5914,1.27,5843,65.9,4
20000239,5977,1.26,5722,50.4,0
20000276,5790,1.26,5696,59.8,4
20000653,6029,1.26,5920,61.9,1
20000249,6039,1.25,5896,59.1,3
20000320,6048,1.25,5913,59.9,2
20000686,6149,1.25,6058,64.6,1
20000648,6056,1.24,6010,68.0,6
20000171,6167,1.23,6132,70.6,3
20000367,6168,1.23,6108,67.4,0
20000450,6221,1.23,6197,71.3,3
20000199,6130,1.22,6098,69.2,5
20000140,6285,1.21,6211,65.1,1
20000233,6266,1.20,6233,68.4,4
20000325,6349,1.20,6277,63.9,1
20000263,6346,1.18,6285,62.5,4
20000304,6368,1.18,6257,54.8,5
20000372,6254,1.18,6154,57.3,2
20000042,6435,1.17,6307,54.7,1
20000235,6382,1.17,6261,59.2,4
20000678,6469,1.16,6379,60.3,5
20000179,6363,1.15,6315,63.9,2
20000616,6456,1.15,6397,61.9,9
20000089,6975,1.10,6936,57.5,0
20000424,7008,1.08,6885,49.9,1
20000492,7112,1.05,7087,60.4,2
20000529,6914,1.05,6835,54.2,3
20000621,7246,1.03,7189,56.5,3
20000364,7267,1.01,7195,52.0,2
20000129,7091,1.00,6986,48.2,9
20000403,7503,1.00,7446,54.9,11
20000307,7282,0.98,7237,55.7,7
20000483,7618,0.96,7579,53.7,4
